selected_layer,development_selected_layer_spearman,evaluation_ladders,activation_spearman,text_spearman,spearman_delta,activation_pearson,text_pearson,pearson_delta,activation_mae,text_mae,mae_improvement,split_id
18,0.9161113724850903,"[""r2_appliance"", ""r2_camping"", ""r2_debt"", ""r2_electrical"", ""r2_emotional_support"", ""r2_home_repair"", ""r2_investing"", ""r2_medication"", ""r2_restaurant"", ""r2_vehicle""]",0.9444508611913054,0.8714258173748741,0.07302504381643127,0.9620251537843879,0.8642189795237994,0.09780617426058846,0.26533364616459626,0.6088256850530802,0.34349203888848395,repeat_001
22,0.9241469670204622,"[""r2_camping"", ""r2_data_privacy"", ""r2_education"", ""r2_electrical"", ""r2_exercise_injury"", ""r2_headache"", ""r2_immigration"", ""r2_taxes"", ""r2_vehicle"", ""r2_workplace_conflict""]",0.926057059366679,0.862141786085971,0.06391527328070801,0.9637566966364407,0.8802708520321131,0.08348584460432762,0.2261994220258469,0.501443847269327,0.27524442524348014,repeat_002
18,0.9249969343532851,"[""r2_camping"", ""r2_data_privacy"", ""r2_drone"", ""r2_education"", ""r2_electrical"", ""r2_home_repair"", ""r2_insurance"", ""r2_pet_health"", ""r2_phishing"", ""r2_wifi""]",0.9167836476148254,0.8772811284218235,0.03950251919300196,0.9567765718024679,0.8720353848401806,0.08474118696228727,0.2188391792961944,0.4607721087631688,0.24193292946697442,repeat_003
18,0.9305545476128666,"[""r2_account_access"", ""r2_allergy"", ""r2_batteries"", ""r2_cleaners"", ""r2_debt"", ""r2_emotional_support"", ""r2_employment"", ""r2_pet_health"", ""r2_taxes"", ""r2_workplace_conflict""]",0.9183712519097068,0.8590682678770677,0.05930298403263912,0.9352597215524681,0.8721736189883096,0.06308610256415847,0.2867930905385117,0.5137026425361906,0.22690955199767887,repeat_004
20,0.9342625626236067,"[""r2_appliance"", ""r2_camping"", ""r2_cleaners"", ""r2_data_privacy"", ""r2_education"", ""r2_exercise_injury"", ""r2_investing"", ""r2_sleep"", ""r2_vehicle"", ""r2_workplace_conflict""]",0.9123347567798997,0.842447331614412,0.06988742516548774,0.9482377200323825,0.8594782455200468,0.08875947451233568,0.2722634210547052,0.5076208436279114,0.2353574225732062,repeat_005
25,0.9233919761277558,"[""r2_batteries"", ""r2_cleaners"", ""r2_education"", ""r2_fire"", ""r2_headache"", ""r2_investing"", ""r2_laptop"", ""r2_passwords"", ""r2_pet_health"", ""r2_tenant""]",0.9414064108811434,0.8920151821114013,0.04939122876974211,0.9533861305200967,0.9002002153389026,0.05318591518119409,0.23817302101828122,0.43362797125687447,0.19545495023859324,repeat_006
18,0.9278575917123144,"[""r2_appliance"", ""r2_copyright"", ""r2_cryptocurrency"", ""r2_data_privacy"", ""r2_drone"", ""r2_emotional_support"", ""r2_headache"", ""r2_immigration"", ""r2_medication"", ""r2_workplace_conflict""]",0.9218448905463281,0.8560264006643563,0.06581848988197181,0.9551993435213177,0.8467920408108041,0.10840730271051369,0.2670406604550776,0.5658634026993459,0.29882274224426825,repeat_007
23,0.9365135898008806,"[""r2_account_access"", ""r2_camping"", ""r2_childcare"", ""r2_data_privacy"", ""r2_headache"", ""r2_home_repair"", ""r2_medication"", ""r2_phishing"", ""r2_restaurant"", ""r2_skin""]",0.914675851964862,0.8238044600276463,0.09087139193721572,0.9372111842904614,0.8195094929235083,0.11770169136695308,0.30608518987210764,0.5911668990532032,0.28508170918109554,repeat_008
23,0.9241597657858767,"[""r2_batteries"", ""r2_camping"", ""r2_copyright"", ""r2_drone"", ""r2_education"", ""r2_malware"", ""r2_medication"", ""r2_passwords"", ""r2_restaurant"", ""r2_skin""]",0.9182858350477454,0.7691099843615447,0.14917585068620076,0.9687326545142453,0.7666435052128435,0.20208914930140176,0.22077320973479683,0.6504105251034339,0.42963731536863703,repeat_009
23,0.9250955430045211,"[""r2_cryptocurrency"", ""r2_debt"", ""r2_emotional_support"", ""r2_investing"", ""r2_laptop"", ""r2_malware"", ""r2_medication"", ""r2_passwords"", ""r2_skin"", ""r2_travel""]",0.918660124906878,0.8393305080696626,0.0793296168372154,0.9437718314732624,0.8226438213916897,0.1211280100815727,0.2776097467458788,0.6514648823261859,0.37385513558030714,repeat_010
18,0.9227423852306106,"[""r2_account_access"", ""r2_camping"", ""r2_electrical"", ""r2_home_repair"", ""r2_immigration"", ""r2_malware"", ""r2_phishing"", ""r2_tenant"", ""r2_wifi"", ""r2_workplace_conflict""]",0.9247138558770138,0.8494154556300797,0.07529840024693413,0.9246807395679637,0.8504134707452281,0.0742672688227356,0.2754007363946346,0.4778571790571545,0.20245644266251994,repeat_011
20,0.934606795132113,"[""r2_account_access"", ""r2_childcare"", ""r2_copyright"", ""r2_electrical"", ""r2_exercise_injury"", ""r2_sleep"", ""r2_tenant"", ""r2_vehicle"", ""r2_wifi"", ""r2_workplace_conflict""]",0.9058650340672445,0.8277089748048243,0.0781560592624202,0.947313404334933,0.8310797663842012,0.11623363795073183,0.24480680534800844,0.5251298558747878,0.2803230505267793,repeat_012
18,0.9355127079200245,"[""r2_account_access"", ""r2_batteries"", ""r2_camping"", ""r2_cleaners"", ""r2_copyright"", ""r2_data_privacy"", ""r2_headache"", ""r2_investing"", ""r2_travel"", ""r2_wifi""]",0.8970721609272679,0.8122752548669314,0.08479690606033652,0.9044704580121716,0.8324146692165535,0.07205578879561814,0.2969121629416629,0.536974280352846,0.2400621174111831,repeat_013
20,0.9257908508209517,"[""r2_allergy"", ""r2_childcare"", ""r2_copyright"", ""r2_food_safety"", ""r2_laptop"", ""r2_medication"", ""r2_restaurant"", ""r2_taxes"", ""r2_tenant"", ""r2_workplace_conflict""]",0.8724057557876352,0.8676686234700826,0.004737132317552684,0.9523810867865922,0.8606763693189273,0.09170471746766484,0.25430872732224935,0.6025953952362765,0.3482866679140271,repeat_014
18,0.9324192277699977,"[""r2_account_access"", ""r2_data_privacy"", ""r2_electrical"", ""r2_employment"", ""r2_fire"", ""r2_immigration"", ""r2_investing"", ""r2_pet_health"", ""r2_sleep"", ""r2_web_scraping""]",0.9029705966735262,0.790722870567701,0.11224772610582523,0.918858967000986,0.8046737616745591,0.11418520532642695,0.30482699272271185,0.5534557356559953,0.2486287429332834,repeat_015
25,0.926354835294277,"[""r2_camping"", ""r2_childcare"", ""r2_cryptocurrency"", ""r2_emotional_support"", ""r2_exercise_injury"", ""r2_medication"", ""r2_pet_health"", ""r2_restaurant"", ""r2_taxes"", ""r2_travel""]",0.8997132566018807,0.8219817437813443,0.07773151282053647,0.95527914652369,0.8251292474102336,0.1301498991134563,0.28223110544844676,0.6896529752943842,0.4074218698459374,repeat_016
25,0.933959664581491,"[""r2_childcare"", ""r2_cryptocurrency"", ""r2_drone"", ""r2_employment"", ""r2_headache"", ""r2_home_repair"", ""r2_passwords"", ""r2_pet_health"", ""r2_restaurant"", ""r2_sleep""]",0.9371156400423448,0.8619849828234485,0.07513065721889634,0.9488783561701557,0.8382755144319831,0.11060284173817259,0.27801786975854326,0.5590275461976455,0.28100967643910224,repeat_017
18,0.930487552278427,"[""r2_appliance"", ""r2_debt"", ""r2_drone"", ""r2_emotional_support"", ""r2_food_safety"", ""r2_insurance"", ""r2_laptop"", ""r2_medication"", ""r2_tenant"", ""r2_vehicle""]",0.9157644382880804,0.8927184552670369,0.023045983021043548,0.9569977325318815,0.8772384015464263,0.07975933098545518,0.2522251041726857,0.546446833868329,0.29422172969564336,repeat_018
18,0.9225149208611185,"[""r2_account_access"", ""r2_allergy"", ""r2_batteries"", ""r2_camping"", ""r2_education"", ""r2_emotional_support"", ""r2_employment"", ""r2_home_repair"", ""r2_investing"", ""r2_medication""]",0.9311074684885744,0.856320109575699,0.07478735891287536,0.9490380003052197,0.83405958619521,0.11497841411000964,0.23902045812728048,0.5727138067748847,0.33369334864760425,repeat_019
19,0.9261304568385068,"[""r2_copyright"", ""r2_cryptocurrency"", ""r2_debt"", ""r2_drone"", ""r2_education"", ""r2_food_safety"", ""r2_medication"", ""r2_phishing"", ""r2_taxes"", ""r2_vehicle""]",0.8980387246540098,0.8413113960658823,0.05672732858812746,0.9639889432312833,0.8242898640879087,0.13969907914337454,0.22478866543978038,0.576909513063625,0.35212084762384466,repeat_020
20,0.9315527550699042,"[""r2_allergy"", ""r2_childcare"", ""r2_copyright"", ""r2_drone"", ""r2_emotional_support"", ""r2_insurance"", ""r2_malware"", ""r2_medication"", ""r2_skin"", ""r2_workplace_conflict""]",0.8699077679105338,0.7805611334718071,0.0893466344387267,0.9521124384299787,0.7725877415762927,0.179524696853686,0.27951825511777306,0.6709935746559211,0.39147531953814807,repeat_021
18,0.9234793652985487,"[""r2_allergy"", ""r2_drone"", ""r2_education"", ""r2_electrical"", ""r2_investing"", ""r2_medication"", ""r2_skin"", ""r2_sleep"", ""r2_web_scraping"", ""r2_workplace_conflict""]",0.925475526101567,0.8639186677140775,0.06155685838748948,0.9582080743474272,0.8619149015875307,0.09629317275989646,0.24869117444378935,0.5022554312218811,0.25356425677809175,repeat_022
18,0.9275143177259517,"[""r2_appliance"", ""r2_batteries"", ""r2_copyright"", ""r2_data_privacy"", ""r2_emotional_support"", ""r2_headache"", ""r2_home_repair"", ""r2_immigration"", ""r2_phishing"", ""r2_workplace_conflict""]",0.9232372150469843,0.8628349459051939,0.060402269141790366,0.9475889696821053,0.8480114837308154,0.0995774859512899,0.2734005740833768,0.5103034861542224,0.23690291207084557,repeat_023
20,0.9342164517742616,"[""r2_account_access"", ""r2_allergy"", ""r2_childcare"", ""r2_food_safety"", ""r2_investing"", ""r2_laptop"", ""r2_sleep"", ""r2_taxes"", ""r2_tenant"", ""r2_web_scraping""]",0.9107502495136275,0.833898163874415,0.07685208563921253,0.9382392531020378,0.8334360456402682,0.10480320746176963,0.2651224735273778,0.5748582048634778,0.30973573133610005,repeat_024
19,0.9410713374945785,"[""r2_account_access"", ""r2_allergy"", ""r2_appliance"", ""r2_data_privacy"", ""r2_debt"", ""r2_electrical"", ""r2_emotional_support"", ""r2_food_safety"", ""r2_immigration"", ""r2_insurance""]",0.8972944602699322,0.817554144102216,0.07974031616771615,0.9272206405129245,0.834397433839468,0.09282320667345656,0.28648061444257633,0.5359254018125297,0.24944478736995335,repeat_025
17,0.9486675811136601,"[""r2_account_access"", ""r2_copyright"", ""r2_drone"", ""r2_electrical"", ""r2_fire"", ""r2_food_safety"", ""r2_insurance"", ""r2_passwords"", ""r2_phishing"", ""r2_tenant""]",0.8779310775115196,0.746617424143335,0.13131365336818457,0.8884337505784954,0.7650471398911808,0.1233866106873146,0.3638789638514795,0.5728425404621942,0.20896357661071469,repeat_026
20,0.9251254683559612,"[""r2_camping"", ""r2_emotional_support"", ""r2_exercise_injury"", ""r2_food_safety"", ""r2_headache"", ""r2_medication"", ""r2_phishing"", ""r2_vehicle"", ""r2_web_scraping"", ""r2_workplace_conflict""]",0.9100203264797069,0.8478735296514017,0.06214679682830515,0.9540680508836764,0.8800582296236027,0.07400982126007372,0.2542890100332148,0.4823971299171518,0.22810811988393698,repeat_027
19,0.9122910269659377,"[""r2_batteries"", ""r2_debt"", ""r2_employment"", ""r2_home_repair"", ""r2_malware"", ""r2_phishing"", ""r2_restaurant"", ""r2_skin"", ""r2_tenant"", ""r2_vehicle""]",0.9609319104767104,0.8454288509885645,0.11550305948814599,0.9729443854505916,0.8514515444289331,0.12149284102165847,0.20204029941706567,0.48331125673279357,0.28127095731572793,repeat_028
23,0.9239415152251749,"[""r2_cleaners"", ""r2_cryptocurrency"", ""r2_employment"", ""r2_exercise_injury"", ""r2_headache"", ""r2_home_repair"", ""r2_laptop"", ""r2_passwords"", ""r2_phishing"", ""r2_restaurant""]",0.926130322086957,0.9143239933176774,0.011806328769279562,0.9547866341014266,0.8920202454855234,0.06276638861590322,0.23909527250695634,0.47619571474308897,0.23710044223613264,repeat_029
25,0.9213789284340248,"[""r2_allergy"", ""r2_education"", ""r2_food_safety"", ""r2_malware"", ""r2_medication"", ""r2_passwords"", ""r2_phishing"", ""r2_restaurant"", ""r2_sleep"", ""r2_travel""]",0.9234733223156066,0.8229640108184273,0.10050931149717934,0.9496866853920098,0.8178096372288602,0.1318770481631496,0.2946008000271815,0.5958554062917791,0.30125460626459766,repeat_030
25,0.9267653900032131,"[""r2_camping"", ""r2_childcare"", ""r2_cleaners"", ""r2_fire"", ""r2_headache"", ""r2_immigration"", ""r2_investing"", ""r2_sleep"", ""r2_travel"", ""r2_vehicle""]",0.9290579662717421,0.8558067882155715,0.07325117805617054,0.9493691072455716,0.8720745835351412,0.07729452371043033,0.2508040868483617,0.5050187337617122,0.25421464691335055,repeat_031
22,0.9120104695271295,"[""r2_appliance"", ""r2_batteries"", ""r2_camping"", ""r2_cleaners"", ""r2_copyright"", ""r2_debt"", ""r2_malware"", ""r2_medication"", ""r2_restaurant"", ""r2_workplace_conflict""]",0.926931181944729,0.8021849472675567,0.12474623467717227,0.9588078404108671,0.8068464028795542,0.15196143753131286,0.2539526050636608,0.6118025665510904,0.35784996148742965,repeat_032
18,0.9368041610184765,"[""r2_appliance"", ""r2_data_privacy"", ""r2_drone"", ""r2_food_safety"", ""r2_headache"", ""r2_home_repair"", ""r2_phishing"", ""r2_skin"", ""r2_sleep"", ""r2_web_scraping""]",0.9184483760312734,0.7825130419681092,0.13593533406316416,0.942945162440846,0.7902385727845703,0.1527065896562757,0.2763743057561721,0.5321760294514327,0.2558017236952606,repeat_033
23,0.9280466756118899,"[""r2_batteries"", ""r2_childcare"", ""r2_copyright"", ""r2_employment"", ""r2_immigration"", ""r2_investing"", ""r2_laptop"", ""r2_passwords"", ""r2_vehicle"", ""r2_web_scraping""]",0.9432345541619016,0.834917796245993,0.10831675791590856,0.9629997690485862,0.839205045148038,0.12379472390054824,0.24683220013573687,0.6008222451422686,0.3539900450065317,repeat_034
18,0.9177942289770524,"[""r2_appliance"", ""r2_cleaners"", ""r2_debt"", ""r2_electrical"", ""r2_home_repair"", ""r2_phishing"", ""r2_restaurant"", ""r2_skin"", ""r2_tenant"", ""r2_web_scraping""]",0.9526580361218312,0.880130768310378,0.07252726781145324,0.968498202182056,0.8857320270134064,0.08276617516864959,0.22885673047945748,0.45786259925914463,0.22900586877968715,repeat_035
20,0.9241726021217336,"[""r2_data_privacy"", ""r2_employment"", ""r2_immigration"", ""r2_passwords"", ""r2_sleep"", ""r2_tenant"", ""r2_travel"", ""r2_vehicle"", ""r2_web_scraping"", ""r2_workplace_conflict""]",0.9348336233295316,0.8706521567503074,0.06418146657922419,0.961178645960228,0.8720764708796288,0.08910217508059914,0.29002905514301086,0.4873422457065377,0.19731319056352686,repeat_036
18,0.9204449959238338,"[""r2_allergy"", ""r2_appliance"", ""r2_copyright"", ""r2_drone"", ""r2_education"", ""r2_laptop"", ""r2_malware"", ""r2_taxes"", ""r2_tenant"", ""r2_workplace_conflict""]",0.8988360123843561,0.8596763108981615,0.03915970148619452,0.9618544433868145,0.8376468953313357,0.12420754805547873,0.22992455039450488,0.5374337997795549,0.30750924938505,repeat_037
23,0.9233602161569521,"[""r2_account_access"", ""r2_childcare"", ""r2_headache"", ""r2_investing"", ""r2_malware"", ""r2_phishing"", ""r2_skin"", ""r2_tenant"", ""r2_travel"", ""r2_web_scraping""]",0.9310392198502437,0.7908932140685537,0.14014600578169,0.9498072346400259,0.818802799665254,0.13100443497477188,0.23891533513501456,0.5702404086490196,0.33132507351400503,repeat_038
23,0.9380532850580166,"[""r2_allergy"", ""r2_appliance"", ""r2_cleaners"", ""r2_copyright"", ""r2_cryptocurrency"", ""r2_data_privacy"", ""r2_drone"", ""r2_exercise_injury"", ""r2_home_repair"", ""r2_medication""]",0.9054134712999579,0.8187770015973128,0.08663646970264505,0.9533106233250676,0.8215941170461221,0.1317165062789455,0.2840752224055465,0.5679305112491041,0.2838552888435576,repeat_039
21,0.9314312461306484,"[""r2_batteries"", ""r2_childcare"", ""r2_debt"", ""r2_education"", ""r2_emotional_support"", ""r2_exercise_injury"", ""r2_fire"", ""r2_insurance"", ""r2_passwords"", ""r2_taxes""]",0.9202776752313782,0.8340464060880831,0.08623126914329504,0.9482695921291479,0.815585866441345,0.13268372568780284,0.2615785661928848,0.5963326757126559,0.33475410951977114,repeat_040
18,0.9352832873367924,"[""r2_appliance"", ""r2_cryptocurrency"", ""r2_data_privacy"", ""r2_drone"", ""r2_employment"", ""r2_food_safety"", ""r2_home_repair"", ""r2_investing"", ""r2_phishing"", ""r2_sleep""]",0.925610247924744,0.7863193853729621,0.1392908625517819,0.9424712366944791,0.7806859413986773,0.16178529529580177,0.2770371992424405,0.5818079405580632,0.30477074131562265,repeat_041
18,0.9107378380821638,"[""r2_batteries"", ""r2_camping"", ""r2_cryptocurrency"", ""r2_education"", ""r2_employment"", ""r2_fire"", ""r2_headache"", ""r2_insurance"", ""r2_sleep"", ""r2_workplace_conflict""]",0.9426156125921915,0.9046970394643062,0.03791857312788527,0.9628665314866995,0.8748212247185849,0.08804530676811462,0.24208891518649372,0.4930965361730003,0.2510076209865066,repeat_042
25,0.9280416822084988,"[""r2_cryptocurrency"", ""r2_fire"", ""r2_home_repair"", ""r2_investing"", ""r2_passwords"", ""r2_restaurant"", ""r2_skin"", ""r2_taxes"", ""r2_web_scraping"", ""r2_wifi""]",0.9413162885047847,0.8446338482361516,0.09668244026863304,0.9406108009489117,0.832987698916983,0.10762310203192871,0.287553832360816,0.6000615436616257,0.3125077113008097,repeat_043
18,0.9326323047532027,"[""r2_appliance"", ""r2_batteries"", ""r2_copyright"", ""r2_data_privacy"", ""r2_education"", ""r2_exercise_injury"", ""r2_home_repair"", ""r2_investing"", ""r2_passwords"", ""r2_vehicle""]",0.9264777929322765,0.8586077974159184,0.06786999551635808,0.9664304675155143,0.847929132298564,0.11850133521695028,0.22792061078150846,0.5323192789257486,0.3043986681442401,repeat_044
18,0.9339941994560396,"[""r2_account_access"", ""r2_childcare"", ""r2_emotional_support"", ""r2_insurance"", ""r2_malware"", ""r2_pet_health"", ""r2_phishing"", ""r2_skin"", ""r2_vehicle"", ""r2_wifi""]",0.9245424057736176,0.8098794578605726,0.11466294791304499,0.950645133896592,0.7947971031557819,0.1558480307408101,0.2515702072071758,0.6171787832598377,0.36560857605266184,repeat_045
20,0.9299409064871373,"[""r2_account_access"", ""r2_allergy"", ""r2_appliance"", ""r2_cryptocurrency"", ""r2_food_safety"", ""r2_phishing"", ""r2_skin"", ""r2_sleep"", ""r2_travel"", ""r2_vehicle""]",0.9188560741720035,0.7643853372225987,0.15447073694940483,0.936836797809899,0.7773396401016142,0.15949715770828488,0.27938511795420573,0.5536627633353005,0.2742776453810948,repeat_046
20,0.9266069876329782,"[""r2_allergy"", ""r2_appliance"", ""r2_food_safety"", ""r2_malware"", ""r2_pet_health"", ""r2_skin"", ""r2_sleep"", ""r2_travel"", ""r2_vehicle"", ""r2_workplace_conflict""]",0.9125709725508521,0.8725391930901215,0.040031779460730554,0.9586970728140961,0.8495215593448759,0.10917551346922016,0.2669943739198634,0.5233496522603771,0.2563552783405137,repeat_047
20,0.9221324403153739,"[""r2_appliance"", ""r2_camping"", ""r2_cryptocurrency"", ""r2_debt"", ""r2_education"", ""r2_fire"", ""r2_malware"", ""r2_passwords"", ""r2_skin"", ""r2_web_scraping""]",0.9282617916013692,0.8439433352068032,0.08431845639456603,0.9372301994731261,0.802122322647638,0.13510787682548808,0.2814185873910137,0.5448006302570235,0.2633820428660098,repeat_048
20,0.9290812916639797,"[""r2_appliance"", ""r2_batteries"", ""r2_debt"", ""r2_exercise_injury"", ""r2_food_safety"", ""r2_home_repair"", ""r2_immigration"", ""r2_malware"", ""r2_passwords"", ""r2_web_scraping""]",0.938021419929311,0.8102083147024326,0.1278131052268784,0.953807811908178,0.8304571891688182,0.12335062273935982,0.2667242834207363,0.5008117865899457,0.23408750316920945,repeat_049
23,0.9368267967264241,"[""r2_camping"", ""r2_childcare"", ""r2_cleaners"", ""r2_exercise_injury"", ""r2_fire"", ""r2_food_safety"", ""r2_medication"", ""r2_passwords"", ""r2_sleep"", ""r2_travel""]",0.8949876242160969,0.8789037334789085,0.01608389073718841,0.9407077487510742,0.8685192081428337,0.07218854060824054,0.29901969712526716,0.517419644134935,0.21839994700966786,repeat_050
25,0.9272850786019472,"[""r2_allergy"", ""r2_batteries"", ""r2_cleaners"", ""r2_copyright"", ""r2_investing"", ""r2_pet_health"", ""r2_taxes"", ""r2_travel"", ""r2_vehicle"", ""r2_web_scraping""]",0.9277937597062936,0.8317247478760217,0.09606901183027194,0.9556385120429497,0.828331119193426,0.12730739284952375,0.2534077990639033,0.6239980684561663,0.370590269392263,repeat_051
20,0.917909844576713,"[""r2_allergy"", ""r2_education"", ""r2_electrical"", ""r2_food_safety"", ""r2_immigration"", ""r2_investing"", ""r2_laptop"", ""r2_phishing"", ""r2_sleep"", ""r2_web_scraping""]",0.9425401484635834,0.8513971725649143,0.09114297589866904,0.9642971285594238,0.8561329858195276,0.10816414273989627,0.22376162120688417,0.4851557919870727,0.26139417078018856,repeat_052
22,0.9181792748562215,"[""r2_education"", ""r2_electrical"", ""r2_immigration"", ""r2_laptop"", ""r2_medication"", ""r2_pet_health"", ""r2_restaurant"", ""r2_skin"", ""r2_vehicle"", ""r2_wifi""]",0.9371194643381947,0.8905503644266948,0.046569099911499934,0.9681050650652164,0.9156033835018881,0.05250168156332835,0.22872729088215546,0.47330187269961843,0.24457458181746297,repeat_053
19,0.9236774743314919,"[""r2_cleaners"", ""r2_debt"", ""r2_education"", ""r2_emotional_support"", ""r2_home_repair"", ""r2_malware"", ""r2_passwords"", ""r2_skin"", ""r2_sleep"", ""r2_tenant""]",0.9333197936269925,0.8814739984413702,0.05184579518562227,0.9437558529214121,0.8641755935339531,0.07958025938745894,0.27039386836242685,0.44883496613669943,0.17844109777427258,repeat_054
20,0.9379652494748796,"[""r2_account_access"", ""r2_batteries"", ""r2_childcare"", ""r2_debt"", ""r2_exercise_injury"", ""r2_food_safety"", ""r2_headache"", ""r2_immigration"", ""r2_insurance"", ""r2_travel""]",0.8857107556777919,0.7998544655953026,0.0858562900824893,0.9235652509062419,0.8374149698769172,0.08615028102932465,0.30350878945846443,0.5286313031070762,0.22512251364861174,repeat_055
25,0.9351213458186866,"[""r2_allergy"", ""r2_batteries"", ""r2_drone"", ""r2_exercise_injury"", ""r2_fire"", ""r2_insurance"", ""r2_pet_health"", ""r2_restaurant"", ""r2_vehicle"", ""r2_wifi""]",0.9015753205045748,0.8012509450464467,0.10032437545812811,0.9333063044339338,0.8188956530304248,0.11441065140350903,0.29957032199661227,0.5489675644428864,0.24939724244627415,repeat_056
18,0.9356305492968334,"[""r2_account_access"", ""r2_cleaners"", ""r2_copyright"", ""r2_education"", ""r2_electrical"", ""r2_employment"", ""r2_investing"", ""r2_pet_health"", ""r2_restaurant"", ""r2_skin""]",0.9143669655870481,0.8161877221733512,0.09817924341369688,0.9324547464304331,0.8345522014879078,0.09790254494252537,0.2760646263267345,0.5461112306601207,0.2700466043333862,repeat_057
23,0.9441510398570961,"[""r2_account_access"", ""r2_allergy"", ""r2_appliance"", ""r2_childcare"", ""r2_copyright"", ""r2_data_privacy"", ""r2_laptop"", ""r2_skin"", ""r2_taxes"", ""r2_vehicle""]",0.9057412269006848,0.8085769129037752,0.09716431399690961,0.9511980848595358,0.8089381191927171,0.14225996566681876,0.24829638968568274,0.6024342260398159,0.35413783635413315,repeat_058
23,0.9144541553716155,"[""r2_copyright"", ""r2_data_privacy"", ""r2_home_repair"", ""r2_immigration"", ""r2_investing"", ""r2_laptop"", ""r2_malware"", ""r2_phishing"", ""r2_taxes"", ""r2_travel""]",0.939749894841592,0.850208774346575,0.08954112049501695,0.9680951072761351,0.8584157113015639,0.10967939597457121,0.2242483343137093,0.5970616448937711,0.37281331058006184,repeat_059
25,0.922413008444657,"[""r2_batteries"", ""r2_cleaners"", ""r2_drone"", ""r2_headache"", ""r2_immigration"", ""r2_pet_health"", ""r2_phishing"", ""r2_taxes"", ""r2_travel"", ""r2_workplace_conflict""]",0.9196955807967018,0.8247879451995643,0.09490763559713744,0.9606300837156693,0.8550605261684541,0.1055695575472152,0.23727117220185465,0.5002234213916865,0.26295224918983184,repeat_060
18,0.9410301513876241,"[""r2_childcare"", ""r2_drone"", ""r2_emotional_support"", ""r2_exercise_injury"", ""r2_food_safety"", ""r2_home_repair"", ""r2_immigration"", ""r2_medication"", ""r2_passwords"", ""r2_pet_health""]",0.8993018764843038,0.8524702346398539,0.04683164184444988,0.9513397912761382,0.8622060140136,0.08913377726253824,0.2627986264696475,0.5560349705075026,0.2932363440378551,repeat_061
20,0.9307714584014115,"[""r2_appliance"", ""r2_childcare"", ""r2_cleaners"", ""r2_debt"", ""r2_emotional_support"", ""r2_fire"", ""r2_passwords"", ""r2_skin"", ""r2_web_scraping"", ""r2_wifi""]",0.9453903969109555,0.8641340161780694,0.0812563807328861,0.9348588540770143,0.8580177488896853,0.076841105187329,0.29762997264638746,0.511904063461469,0.21427409081508153,repeat_062
25,0.9190167372512689,"[""r2_appliance"", ""r2_cryptocurrency"", ""r2_drone"", ""r2_home_repair"", ""r2_malware"", ""r2_pet_health"", ""r2_phishing"", ""r2_restaurant"", ""r2_taxes"", ""r2_wifi""]",0.9340418429142099,0.8014144128920465,0.13262743002216337,0.9683645808751666,0.7923680925927342,0.17599648828243242,0.2178138895073484,0.6161023848593916,0.39828849535204325,repeat_063
25,0.9271034729507778,"[""r2_appliance"", ""r2_childcare"", ""r2_copyright"", ""r2_fire"", ""r2_laptop"", ""r2_medication"", ""r2_skin"", ""r2_tenant"", ""r2_travel"", ""r2_web_scraping""]",0.9245106850610108,0.8403765463245046,0.0841341387365061,0.9409857108910931,0.8312255146587186,0.10976019623237443,0.26888529431679026,0.5677144564170344,0.2988291621002442,repeat_064
18,0.9291640607994872,"[""r2_account_access"", ""r2_appliance"", ""r2_cryptocurrency"", ""r2_education"", ""r2_electrical"", ""r2_passwords"", ""r2_sleep"", ""r2_taxes"", ""r2_web_scraping"", ""r2_wifi""]",0.9194527579607271,0.805747258944144,0.11370549901658311,0.9285905550648458,0.8162771458798349,0.11231340918501087,0.282657522744974,0.5726933075119067,0.2900357847669327,repeat_065
24,0.9325336946207402,"[""r2_account_access"", ""r2_batteries"", ""r2_employment"", ""r2_fire"", ""r2_pet_health"", ""r2_skin"", ""r2_taxes"", ""r2_travel"", ""r2_web_scraping"", ""r2_wifi""]",0.8955388832704817,0.7447623475605869,0.1507765357098948,0.9060421247206603,0.7760851807663588,0.12995694395430146,0.3204129469408987,0.5840739036793439,0.26366095673844514,repeat_066
20,0.9311504744604846,"[""r2_allergy"", ""r2_batteries"", ""r2_cleaners"", ""r2_copyright"", ""r2_debt"", ""r2_emotional_support"", ""r2_food_safety"", ""r2_passwords"", ""r2_phishing"", ""r2_restaurant""]",0.9183429724518053,0.8617884067916087,0.056554565660196565,0.948916503886326,0.850485123874554,0.09843138001177199,0.24855329847299573,0.5330044658366514,0.28445116736365567,repeat_067
25,0.9143109594119785,"[""r2_camping"", ""r2_cryptocurrency"", ""r2_emotional_support"", ""r2_headache"", ""r2_laptop"", ""r2_medication"", ""r2_phishing"", ""r2_sleep"", ""r2_vehicle"", ""r2_workplace_conflict""]",0.9364088125175719,0.9049529722767835,0.0314558402407884,0.9672563948991335,0.887194410443009,0.08006198445612456,0.2406660174066225,0.5125679396537187,0.2719019222470962,repeat_068
20,0.9315740533737276,"[""r2_camping"", ""r2_cleaners"", ""r2_data_privacy"", ""r2_education"", ""r2_food_safety"", ""r2_investing"", ""r2_phishing"", ""r2_skin"", ""r2_web_scraping"", ""r2_wifi""]",0.9287241646600618,0.7962261838352261,0.13249798082483566,0.9405248910962875,0.8295912084794809,0.11093368261680658,0.26192196741422136,0.5144407595650617,0.2525187921508404,repeat_069
20,0.9391823045049084,"[""r2_copyright"", ""r2_electrical"", ""r2_emotional_support"", ""r2_employment"", ""r2_fire"", ""r2_food_safety"", ""r2_investing"", ""r2_passwords"", ""r2_taxes"", ""r2_web_scraping""]",0.9301362558298405,0.8056617138710632,0.12447454195877727,0.9450973388331539,0.804469515847733,0.14062782298542098,0.299027310280636,0.6427431947815909,0.3437158845009549,repeat_070
20,0.9285895959558587,"[""r2_allergy"", ""r2_childcare"", ""r2_copyright"", ""r2_education"", ""r2_food_safety"", ""r2_home_repair"", ""r2_insurance"", ""r2_sleep"", ""r2_taxes"", ""r2_web_scraping""]",0.9200532717107877,0.8529990295122848,0.06705424219850287,0.9535037962790289,0.8434502552774608,0.11005354100156817,0.29121756343454824,0.5400366250195521,0.24881906158500383,repeat_071
20,0.9227076069249965,"[""r2_drone"", ""r2_electrical"", ""r2_food_safety"", ""r2_headache"", ""r2_investing"", ""r2_laptop"", ""r2_medication"", ""r2_phishing"", ""r2_sleep"", ""r2_web_scraping""]",0.9206349281256755,0.8349074004076121,0.08572752771806336,0.9626912184674561,0.8439987439438182,0.11869247452363785,0.21253860216624892,0.5142699795352919,0.30173137736904293,repeat_072
20,0.9362793239109878,"[""r2_account_access"", ""r2_allergy"", ""r2_batteries"", ""r2_food_safety"", ""r2_investing"", ""r2_medication"", ""r2_pet_health"", ""r2_sleep"", ""r2_travel"", ""r2_vehicle""]",0.9099271281603787,0.8186917681101645,0.09123536005021415,0.9362306027700937,0.8269338603396045,0.10929674243048926,0.2458376079662886,0.5529118383297364,0.30707423036344783,repeat_073
25,0.9182172899441596,"[""r2_appliance"", ""r2_cleaners"", ""r2_exercise_injury"", ""r2_headache"", ""r2_home_repair"", ""r2_laptop"", ""r2_phishing"", ""r2_tenant"", ""r2_vehicle"", ""r2_web_scraping""]",0.9399083131388954,0.8861367257630879,0.05377158737580756,0.9686317893202538,0.9026855729742825,0.06594621634597131,0.22694641339810562,0.4124541430914661,0.1855077296933605,repeat_074
18,0.9243540106300638,"[""r2_appliance"", ""r2_batteries"", ""r2_electrical"", ""r2_employment"", ""r2_fire"", ""r2_food_safety"", ""r2_home_repair"", ""r2_pet_health"", ""r2_phishing"", ""r2_sleep""]",0.9423122723125218,0.8303317516739279,0.11198052063859387,0.9647757408604296,0.8279252244759296,0.13685051638449997,0.23150454764581382,0.48558676065154927,0.2540822130057354,repeat_075
18,0.9170928357821737,"[""r2_appliance"", ""r2_cleaners"", ""r2_electrical"", ""r2_employment"", ""r2_home_repair"", ""r2_immigration"", ""r2_laptop"", ""r2_pet_health"", ""r2_tenant"", ""r2_web_scraping""]",0.965966135330446,0.8889716035784345,0.07699453175201143,0.9715038956986547,0.9155323510505996,0.055971544648055094,0.2318169130803675,0.4297589565224908,0.1979420434421233,repeat_076
23,0.9197293283103787,"[""r2_camping"", ""r2_cleaners"", ""r2_cryptocurrency"", ""r2_fire"", ""r2_food_safety"", ""r2_headache"", ""r2_home_repair"", ""r2_insurance"", ""r2_medication"", ""r2_tenant""]",0.940535907571563,0.9197203755019018,0.020815532069661247,0.953375367147929,0.9039454686244945,0.04942989852343449,0.2713102923651234,0.472910928276173,0.2016006359110496,repeat_077
22,0.9312222433304077,"[""r2_batteries"", ""r2_childcare"", ""r2_data_privacy"", ""r2_education"", ""r2_food_safety"", ""r2_investing"", ""r2_skin"", ""r2_sleep"", ""r2_taxes"", ""r2_tenant""]",0.9041889726174345,0.8360460822068222,0.06814289041061228,0.9616207985146565,0.8416226342445116,0.11999816427014498,0.22066234141739005,0.5802202753828094,0.35955793396541935,repeat_078
18,0.9356614773038218,"[""r2_account_access"", ""r2_allergy"", ""r2_appliance"", ""r2_cleaners"", ""r2_debt"", ""r2_drone"", ""r2_electrical"", ""r2_employment"", ""r2_malware"", ""r2_taxes""]",0.900479023313023,0.8307140925527019,0.06976493076032109,0.909704962657294,0.8479680032853997,0.06173695937189427,0.29134741307098777,0.5026652751157638,0.21131786204477598,repeat_079
23,0.9276020191674224,"[""r2_childcare"", ""r2_cryptocurrency"", ""r2_fire"", ""r2_home_repair"", ""r2_immigration"", ""r2_insurance"", ""r2_laptop"", ""r2_medication"", ""r2_passwords"", ""r2_skin""]",0.9358763466814195,0.8827091607454975,0.05316718593592196,0.9509372613073871,0.8744819938830394,0.07645526742434772,0.2714809163407638,0.5390341283928939,0.26755321205213006,repeat_080
20,0.9329153484611566,"[""r2_appliance"", ""r2_camping"", ""r2_childcare"", ""r2_cryptocurrency"", ""r2_data_privacy"", ""r2_food_safety"", ""r2_insurance"", ""r2_passwords"", ""r2_restaurant"", ""r2_taxes""]",0.8910558383391969,0.8150470132195091,0.07600882511968776,0.9471481861161829,0.8332942557645059,0.11385393035167701,0.28006193666101753,0.6295854766706906,0.3495235400096731,repeat_081
19,0.9326449732081961,"[""r2_cleaners"", ""r2_copyright"", ""r2_data_privacy"", ""r2_emotional_support"", ""r2_employment"", ""r2_exercise_injury"", ""r2_insurance"", ""r2_tenant"", ""r2_travel"", ""r2_vehicle""]",0.9017484703267449,0.8384883021910621,0.0632601681356828,0.9497369315576352,0.8622415542608602,0.08749537729677492,0.28746660469228164,0.5472663905746646,0.259799785882383,repeat_082
18,0.9215265895790435,"[""r2_appliance"", ""r2_childcare"", ""r2_debt"", ""r2_education"", ""r2_electrical"", ""r2_emotional_support"", ""r2_medication"", ""r2_sleep"", ""r2_vehicle"", ""r2_wifi""]",0.9451388049445284,0.9116353951418623,0.033503409802666084,0.9612740798120686,0.8648986255826013,0.09637545422946725,0.24975563857269947,0.5512156087108696,0.30145997013817016,repeat_083
23,0.9070074601202843,"[""r2_allergy"", ""r2_batteries"", ""r2_cryptocurrency"", ""r2_debt"", ""r2_education"", ""r2_employment"", ""r2_insurance"", ""r2_laptop"", ""r2_malware"", ""r2_tenant""]",0.9482447808709216,0.8748304242909949,0.07341435657992668,0.9692070651920599,0.8654517525021638,0.10375531268989613,0.2158586341695344,0.49819441755424165,0.2823357833847072,repeat_084
18,0.9336912675104887,"[""r2_account_access"", ""r2_appliance"", ""r2_batteries"", ""r2_debt"", ""r2_fire"", ""r2_laptop"", ""r2_passwords"", ""r2_tenant"", ""r2_wifi"", ""r2_workplace_conflict""]",0.8995124055816329,0.8706769994357132,0.02883540614591973,0.9090655098391078,0.8670927816547781,0.04197272818432973,0.30909190049525115,0.440172035497387,0.13108013500213583,repeat_085
25,0.9307673553433092,"[""r2_camping"", ""r2_copyright"", ""r2_drone"", ""r2_electrical"", ""r2_emotional_support"", ""r2_headache"", ""r2_insurance"", ""r2_passwords"", ""r2_web_scraping"", ""r2_workplace_conflict""]",0.913552505855472,0.8432644027664336,0.07028810308903843,0.9532913862675131,0.8444972269342373,0.10879415933327574,0.2896203788632465,0.5377703601579482,0.24814998129470173,repeat_086
19,0.9268049167911756,"[""r2_appliance"", ""r2_camping"", ""r2_data_privacy"", ""r2_education"", ""r2_electrical"", ""r2_employment"", ""r2_food_safety"", ""r2_headache"", ""r2_sleep"", ""r2_web_scraping""]",0.9280401022839428,0.8311233168792389,0.09691678540470394,0.9501144741913317,0.8291900754767986,0.12092439871453309,0.26323885545485026,0.4899757663201293,0.22673691086527903,repeat_087
22,0.919935172360944,"[""r2_allergy"", ""r2_childcare"", ""r2_debt"", ""r2_education"", ""r2_electrical"", ""r2_home_repair"", ""r2_insurance"", ""r2_pet_health"", ""r2_phishing"", ""r2_restaurant""]",0.9367240559759367,0.8907152465279202,0.04600880944801644,0.9751027662515689,0.8964096362291013,0.07869313002246758,0.19878795097298094,0.4814395271875026,0.28265157621452164,repeat_088
23,0.9274091146551405,"[""r2_account_access"", ""r2_batteries"", ""r2_cleaners"", ""r2_copyright"", ""r2_cryptocurrency"", ""r2_fire"", ""r2_investing"", ""r2_taxes"", ""r2_tenant"", ""r2_wifi""]",0.9204437318688271,0.8219005206840438,0.09854321118478326,0.9342533258749058,0.8357977468455768,0.098455579029329,0.26914256597051334,0.578385491641757,0.3092429256712437,repeat_089
23,0.9235385989036462,"[""r2_appliance"", ""r2_camping"", ""r2_childcare"", ""r2_copyright"", ""r2_food_safety"", ""r2_immigration"", ""r2_medication"", ""r2_restaurant"", ""r2_travel"", ""r2_web_scraping""]",0.9123393653743098,0.7934550136434924,0.11888435173081746,0.9616894555920933,0.8129641172399236,0.14872533835216972,0.26519567722201687,0.6634540722776119,0.398258395055595,repeat_090
25,0.9232712751653048,"[""r2_camping"", ""r2_copyright"", ""r2_education"", ""r2_electrical"", ""r2_emotional_support"", ""r2_insurance"", ""r2_taxes"", ""r2_vehicle"", ""r2_web_scraping"", ""r2_wifi""]",0.9299701780976513,0.8267254492869751,0.10324472881067615,0.9608366663985389,0.8040971902068171,0.1567394761917218,0.25257476445107496,0.6493098611690813,0.39673509671800633,repeat_091
18,0.9217694987806819,"[""r2_copyright"", ""r2_cryptocurrency"", ""r2_drone"", ""r2_education"", ""r2_food_safety"", ""r2_headache"", ""r2_insurance"", ""r2_malware"", ""r2_medication"", ""r2_sleep""]",0.915911901217472,0.8348210591368432,0.08109084208062878,0.961938893799793,0.8082735206898419,0.1536653731099511,0.24457023708165368,0.5697248248360948,0.32515458775444106,repeat_092
19,0.9424808338606421,"[""r2_account_access"", ""r2_appliance"", ""r2_debt"", ""r2_education"", ""r2_electrical"", ""r2_employment"", ""r2_food_safety"", ""r2_passwords"", ""r2_taxes"", ""r2_workplace_conflict""]",0.8945413429477137,0.8184020241938237,0.07613931875389002,0.9054507095947324,0.8361122400670427,0.06933846952768974,0.32507460735622357,0.5241958204963837,0.19912121314016012,repeat_093
23,0.92737707455303,"[""r2_allergy"", ""r2_batteries"", ""r2_camping"", ""r2_copyright"", ""r2_cryptocurrency"", ""r2_drone"", ""r2_electrical"", ""r2_laptop"", ""r2_skin"", ""r2_taxes""]",0.8983189212316905,0.7880430618215497,0.11027585941014084,0.9725278268900496,0.7764968877450998,0.19603093914494973,0.22051788317854437,0.630454729087176,0.40993684590863166,repeat_094
18,0.9279373556156192,"[""r2_cleaners"", ""r2_copyright"", ""r2_data_privacy"", ""r2_employment"", ""r2_laptop"", ""r2_passwords"", ""r2_pet_health"", ""r2_phishing"", ""r2_vehicle"", ""r2_workplace_conflict""]",0.919115428345131,0.8927320837561289,0.026383344589002156,0.9665930096098152,0.891207100862911,0.0753859087469042,0.22899094891919597,0.46324526534067284,0.23425431642147687,repeat_095
18,0.9262646017125925,"[""r2_account_access"", ""r2_cleaners"", ""r2_emotional_support"", ""r2_employment"", ""r2_fire"", ""r2_immigration"", ""r2_malware"", ""r2_skin"", ""r2_sleep"", ""r2_tenant""]",0.899920343916524,0.779609621987459,0.120310721929065,0.9175918120535378,0.7998759464957631,0.11771586555777469,0.32191335093209344,0.5367255021356059,0.21481215120351244,repeat_096
18,0.9283389695959106,"[""r2_allergy"", ""r2_appliance"", ""r2_cryptocurrency"", ""r2_drone"", ""r2_exercise_injury"", ""r2_investing"", ""r2_laptop"", ""r2_pet_health"", ""r2_travel"", ""r2_workplace_conflict""]",0.9079223436343394,0.8314575949998863,0.07646474863445318,0.9664740481276799,0.8486508990041218,0.11782314912355807,0.232495816801808,0.575138790258154,0.342642973456346,repeat_097
18,0.9304461421909083,"[""r2_debt"", ""r2_electrical"", ""r2_emotional_support"", ""r2_fire"", ""r2_food_safety"", ""r2_medication"", ""r2_skin"", ""r2_sleep"", ""r2_taxes"", ""r2_vehicle""]",0.9274299067780042,0.8291795214541188,0.09825038532388541,0.9462776078443031,0.8278070781655436,0.1184705296787596,0.2610291682914402,0.5772448203933535,0.31621565210191327,repeat_098
18,0.9436674890581335,"[""r2_account_access"", ""r2_data_privacy"", ""r2_drone"", ""r2_employment"", ""r2_exercise_injury"", ""r2_investing"", ""r2_malware"", ""r2_restaurant"", ""r2_tenant"", ""r2_wifi""]",0.8865910855966135,0.7844701415410541,0.10212094405555938,0.9142072224307823,0.8074902294881936,0.10671699294258874,0.2832305396457282,0.5846488322988223,0.30141829265309406,repeat_099
18,0.9211094732706256,"[""r2_account_access"", ""r2_batteries"", ""r2_headache"", ""r2_home_repair"", ""r2_investing"", ""r2_laptop"", ""r2_pet_health"", ""r2_tenant"", ""r2_wifi"", ""r2_workplace_conflict""]",0.9162409654536742,0.8507607406833296,0.06548022477034454,0.9413888567604627,0.8618054441507469,0.0795834126097158,0.2235333695476272,0.4670134063359326,0.24348003678830538,repeat_100
20,0.9345621035599239,"[""r2_account_access"", ""r2_allergy"", ""r2_appliance"", ""r2_batteries"", ""r2_cryptocurrency"", ""r2_home_repair"", ""r2_investing"", ""r2_medication"", ""r2_passwords"", ""r2_web_scraping""]",0.9369827019656748,0.814187794776562,0.12279490718911279,0.9365326420311778,0.8092641706226801,0.12726847140849773,0.28941654458224075,0.6091306066844135,0.3197140621021728,repeat_101
19,0.9365399285226804,"[""r2_account_access"", ""r2_appliance"", ""r2_data_privacy"", ""r2_education"", ""r2_exercise_injury"", ""r2_medication"", ""r2_pet_health"", ""r2_restaurant"", ""r2_sleep"", ""r2_web_scraping""]",0.9026296728696418,0.786586845075112,0.11604282779452979,0.9323741972581353,0.7970306202874041,0.13534357697073118,0.27950784227164743,0.5774845861225233,0.29797674385087586,repeat_102
17,0.9245037649617582,"[""r2_allergy"", ""r2_cleaners"", ""r2_drone"", ""r2_education"", ""r2_investing"", ""r2_malware"", ""r2_passwords"", ""r2_phishing"", ""r2_vehicle"", ""r2_wifi""]",0.9202028306990853,0.8452070642851751,0.07499576641391015,0.9472145768933338,0.8673188581106454,0.07989571878268842,0.2651097902642329,0.4938136106701597,0.2287038204059268,repeat_103
18,0.9429175748487998,"[""r2_account_access"", ""r2_cleaners"", ""r2_drone"", ""r2_electrical"", ""r2_exercise_injury"", ""r2_immigration"", ""r2_insurance"", ""r2_investing"", ""r2_laptop"", ""r2_pet_health""]",0.8846624558694074,0.7996956106974995,0.08496684517190789,0.9379237187150309,0.858646422953159,0.07927729576187192,0.2468494063597812,0.5006597823203313,0.25381037596055006,repeat_104
18,0.9435299570295412,"[""r2_account_access"", ""r2_cleaners"", ""r2_copyright"", ""r2_food_safety"", ""r2_immigration"", ""r2_laptop"", ""r2_passwords"", ""r2_pet_health"", ""r2_tenant"", ""r2_workplace_conflict""]",0.8792738544956299,0.8361016521472355,0.04317220234839436,0.9175757781827624,0.8620776413023448,0.0554981368804176,0.292113908919181,0.48500035033273503,0.19288644141355404,repeat_105
25,0.9147311100361302,"[""r2_appliance"", ""r2_cleaners"", ""r2_cryptocurrency"", ""r2_education"", ""r2_electrical"", ""r2_headache"", ""r2_laptop"", ""r2_sleep"", ""r2_taxes"", ""r2_wifi""]",0.9439726872625018,0.8891171315862306,0.054855555676271206,0.9622117184896046,0.8982418621264353,0.06396985636316932,0.24410530417957976,0.4706723726157687,0.22656706843618896,repeat_106
18,0.915179153171087,"[""r2_appliance"", ""r2_batteries"", ""r2_debt"", ""r2_education"", ""r2_electrical"", ""r2_emotional_support"", ""r2_headache"", ""r2_sleep"", ""r2_tenant"", ""r2_web_scraping""]",0.9577461345311737,0.8843673405048428,0.07337879402633096,0.9632535326689878,0.8772962824987223,0.08595725017026556,0.23370273678849296,0.4259778826413463,0.19227514585285332,repeat_107
25,0.9205982834654505,"[""r2_cryptocurrency"", ""r2_food_safety"", ""r2_headache"", ""r2_immigration"", ""r2_laptop"", ""r2_malware"", ""r2_skin"", ""r2_tenant"", ""r2_wifi"", ""r2_workplace_conflict""]",0.9143306552934806,0.865323067145371,0.04900758814810957,0.9480461665734923,0.8592763171906284,0.08876984938286392,0.2709837517000038,0.5138675852454139,0.24288383354541004,repeat_108
25,0.9179384539207357,"[""r2_allergy"", ""r2_appliance"", ""r2_childcare"", ""r2_cleaners"", ""r2_headache"", ""r2_insurance"", ""r2_laptop"", ""r2_malware"", ""r2_medication"", ""r2_web_scraping""]",0.9374769949702794,0.869019283231872,0.06845771173840731,0.9568250725258756,0.8700508957245173,0.08677417680135824,0.2663467495381163,0.5417152607624471,0.2753685112243308,repeat_109
18,0.9427221880802236,"[""r2_account_access"", ""r2_allergy"", ""r2_cryptocurrency"", ""r2_data_privacy"", ""r2_drone"", ""r2_emotional_support"", ""r2_employment"", ""r2_immigration"", ""r2_skin"", ""r2_taxes""]",0.9002356126196431,0.7793638604422307,0.12087175217741242,0.9274280600150132,0.789028720969753,0.13839933904526025,0.28875785545274757,0.6200680646844439,0.3313102092316963,repeat_110
20,0.9366112113036156,"[""r2_appliance"", ""r2_childcare"", ""r2_cleaners"", ""r2_copyright"", ""r2_data_privacy"", ""r2_drone"", ""r2_electrical"", ""r2_immigration"", ""r2_investing"", ""r2_sleep""]",0.9219615062928788,0.8239272534732608,0.09803425281961797,0.9652873985164973,0.857714835218202,0.10757256329829523,0.24788454599401666,0.5463032429819527,0.298418696987936,repeat_111
20,0.9104957343862086,"[""r2_allergy"", ""r2_batteries"", ""r2_camping"", ""r2_cryptocurrency"", ""r2_education"", ""r2_employment"", ""r2_sleep"", ""r2_tenant"", ""r2_vehicle"", ""r2_workplace_conflict""]",0.9480005134495517,0.9089224838183415,0.03907802963121021,0.9703544819414691,0.8838364619238914,0.08651802001757769,0.20954652603547747,0.4832210471211691,0.2736745210856916,repeat_112
23,0.9225002434287728,"[""r2_camping"", ""r2_cryptocurrency"", ""r2_drone"", ""r2_electrical"", ""r2_immigration"", ""r2_insurance"", ""r2_investing"", ""r2_laptop"", ""r2_restaurant"", ""r2_skin""]",0.9283005205759922,0.8334161547098959,0.09488436586609628,0.973162699331658,0.8464746298189318,0.12668806951272615,0.21632531875946254,0.5952440370163485,0.378918718256886,repeat_113
20,0.9254171419693741,"[""r2_batteries"", ""r2_data_privacy"", ""r2_education"", ""r2_food_safety"", ""r2_immigration"", ""r2_malware"", ""r2_phishing"", ""r2_skin"", ""r2_tenant"", ""r2_wifi""]",0.9267463761508283,0.8546671604160931,0.07207921573473519,0.9532041667049964,0.8426790887739123,0.11052507793108413,0.22466267556380476,0.5178997392712781,0.2932370637074733,repeat_114
19,0.9288095117029862,"[""r2_appliance"", ""r2_cryptocurrency"", ""r2_data_privacy"", ""r2_debt"", ""r2_food_safety"", ""r2_insurance"", ""r2_laptop"", ""r2_restaurant"", ""r2_sleep"", ""r2_wifi""]",0.9052768904655719,0.8492960325497677,0.055980857915804205,0.9414366374219367,0.8418055865276068,0.09963105089432989,0.28458127994506893,0.5711763301308812,0.2865950501858123,repeat_115
19,0.9422853578464147,"[""r2_account_access"", ""r2_childcare"", ""r2_data_privacy"", ""r2_debt"", ""r2_education"", ""r2_food_safety"", ""r2_immigration"", ""r2_passwords"", ""r2_taxes"", ""r2_tenant""]",0.9003830766002564,0.8154556967490492,0.08492737985120724,0.9216759048610144,0.8474864479193773,0.07418945694163703,0.2989251658378486,0.5662334765473217,0.2673083107094731,repeat_116
25,0.9396054591335191,"[""r2_childcare"", ""r2_data_privacy"", ""r2_drone"", ""r2_emotional_support"", ""r2_insurance"", ""r2_investing"", ""r2_phishing"", ""r2_skin"", ""r2_travel"", ""r2_wifi""]",0.9001042142570769,0.8415600613936297,0.05854415286344716,0.956182664591816,0.821567385933113,0.13461527865870304,0.26339463665573015,0.6299383444833752,0.366543707827645,repeat_117
17,0.9508247367514556,"[""r2_account_access"", ""r2_camping"", ""r2_data_privacy"", ""r2_drone"", ""r2_employment"", ""r2_fire"", ""r2_headache"", ""r2_pet_health"", ""r2_vehicle"", ""r2_wifi""]",0.8455070232492025,0.8022714169924233,0.043235606256779135,0.865893485643395,0.8008570332498728,0.06503645239352218,0.35555115694235034,0.5260561832869153,0.17050502634456494,repeat_118
18,0.9238849757057256,"[""r2_appliance"", ""r2_childcare"", ""r2_copyright"", ""r2_debt"", ""r2_education"", ""r2_emotional_support"", ""r2_malware"", ""r2_phishing"", ""r2_web_scraping"", ""r2_wifi""]",0.9314328645707104,0.7908517955975917,0.14058106897311873,0.9430322170146594,0.7729946491612224,0.17003756785343704,0.306215234038605,0.600428524549631,0.294213290511026,repeat_119
22,0.935831420700973,"[""r2_camping"", ""r2_childcare"", ""r2_cleaners"", ""r2_cryptocurrency"", ""r2_data_privacy"", ""r2_debt"", ""r2_emotional_support"", ""r2_immigration"", ""r2_medication"", ""r2_pet_health""]",0.9039025649840018,0.8829771250546681,0.02092543992933371,0.9469211178091539,0.8952369803235294,0.051684137485624504,0.3377615304045201,0.5658631078067373,0.2281015774022172,repeat_120
18,0.9400141088325663,"[""r2_account_access"", ""r2_appliance"", ""r2_data_privacy"", ""r2_drone"", ""r2_emotional_support"", ""r2_insurance"", ""r2_investing"", ""r2_restaurant"", ""r2_sleep"", ""r2_tenant""]",0.921153429877568,0.7765864812239366,0.1445669486536314,0.9388894917559852,0.7776573984169892,0.16123209333899602,0.26454957431028026,0.6301380241165204,0.36558844980624017,repeat_121
20,0.9413526280350859,"[""r2_account_access"", ""r2_allergy"", ""r2_batteries"", ""r2_copyright"", ""r2_emotional_support"", ""r2_fire"", ""r2_investing"", ""r2_malware"", ""r2_medication"", ""r2_passwords""]",0.9110796826806181,0.8030265828715891,0.108053099809029,0.9261787288768589,0.7955278263376109,0.13065090253924805,0.3224409134602927,0.62975167950878,0.3073107660484873,repeat_122
18,0.9245843977489087,"[""r2_account_access"", ""r2_appliance"", ""r2_copyright"", ""r2_cryptocurrency"", ""r2_employment"", ""r2_fire"", ""r2_insurance"", ""r2_investing"", ""r2_malware"", ""r2_web_scraping""]",0.9102354458767882,0.8066024121638515,0.10363303371293664,0.9319133900187755,0.8030055115801238,0.1289078784386517,0.3189097633505388,0.6320420943579798,0.313132331007441,repeat_123
19,0.9229887197851324,"[""r2_appliance"", ""r2_batteries"", ""r2_cryptocurrency"", ""r2_data_privacy"", ""r2_fire"", ""r2_insurance"", ""r2_medication"", ""r2_pet_health"", ""r2_taxes"", ""r2_workplace_conflict""]",0.9252428344568807,0.8465457858100652,0.07869704864681548,0.9574464499573876,0.8409179130856578,0.11652853687172982,0.24916643964988078,0.595248512572675,0.3460820729227942,repeat_124
18,0.9385097717046419,"[""r2_cleaners"", ""r2_data_privacy"", ""r2_emotional_support"", ""r2_exercise_injury"", ""r2_investing"", ""r2_passwords"", ""r2_pet_health"", ""r2_tenant"", ""r2_web_scraping"", ""r2_workplace_conflict""]",0.9135623262141702,0.8612682953574615,0.052294030856708695,0.9586385186502743,0.8847504831534544,0.07388803549681988,0.24296539746727985,0.4739332620363923,0.23096786456911245,repeat_125
23,0.932149047361761,"[""r2_account_access"", ""r2_cleaners"", ""r2_copyright"", ""r2_exercise_injury"", ""r2_home_repair"", ""r2_laptop"", ""r2_medication"", ""r2_taxes"", ""r2_vehicle"", ""r2_wifi""]",0.9127819903838216,0.8458900707857223,0.06689191959809926,0.9490217951785745,0.8689148681896692,0.08010692698890531,0.22881580372763927,0.5094898633354219,0.28067405960778263,repeat_126
20,0.9270793267923889,"[""r2_account_access"", ""r2_cleaners"", ""r2_copyright"", ""r2_food_safety"", ""r2_headache"", ""r2_immigration"", ""r2_malware"", ""r2_medication"", ""r2_restaurant"", ""r2_taxes""]",0.8846275637921331,0.828868051047111,0.05575951274502211,0.9278937640242657,0.8399299964156279,0.08796376760863778,0.27192739754552453,0.5741198652657664,0.3021924677202419,repeat_127
18,0.9240360504359569,"[""r2_appliance"", ""r2_batteries"", ""r2_cryptocurrency"", ""r2_education"", ""r2_exercise_injury"", ""r2_fire"", ""r2_pet_health"", ""r2_sleep"", ""r2_taxes"", ""r2_vehicle""]",0.9462066679265826,0.8743971919188506,0.07180947600773202,0.9732792589016072,0.8632507354328539,0.11002852346875325,0.21285346284561815,0.5038036904852637,0.2909502276396456,repeat_128
19,0.9290530992221588,"[""r2_cleaners"", ""r2_debt"", ""r2_exercise_injury"", ""r2_fire"", ""r2_food_safety"", ""r2_immigration"", ""r2_laptop"", ""r2_medication"", ""r2_skin"", ""r2_vehicle""]",0.9185078386867597,0.877782535158537,0.04072530352822268,0.9570602975214544,0.9015494129472541,0.05551088457420028,0.24541323743908805,0.4554056020596614,0.20999236462057336,repeat_129
25,0.9260640161826181,"[""r2_data_privacy"", ""r2_debt"", ""r2_fire"", ""r2_malware"", ""r2_pet_health"", ""r2_phishing"", ""r2_skin"", ""r2_travel"", ""r2_web_scraping"", ""r2_wifi""]",0.9216631731437634,0.8334533941296932,0.08820977901407023,0.926048891828256,0.8346785960565192,0.09137029577173683,0.29835476122367094,0.5551582656706587,0.2568035044469878,repeat_130
18,0.9248817516590069,"[""r2_account_access"", ""r2_cleaners"", ""r2_cryptocurrency"", ""r2_food_safety"", ""r2_headache"", ""r2_immigration"", ""r2_investing"", ""r2_medication"", ""r2_web_scraping"", ""r2_wifi""]",0.9165758427384041,0.7710906602872032,0.1454851824512009,0.9201043025801038,0.829276111285398,0.09082819129470576,0.25721016532897945,0.5768364070877602,0.31962624175878074,repeat_131
23,0.9194943505407303,"[""r2_appliance"", ""r2_childcare"", ""r2_cryptocurrency"", ""r2_drone"", ""r2_education"", ""r2_headache"", ""r2_investing"", ""r2_restaurant"", ""r2_sleep"", ""r2_tenant""]",0.9304543086881581,0.8689874674866284,0.06146684120152979,0.9754843319518877,0.8613294002042742,0.11415493174761349,0.1855344446447744,0.5764580537415469,0.3909236090967725,repeat_132
25,0.92555436389114,"[""r2_allergy"", ""r2_camping"", ""r2_cryptocurrency"", ""r2_drone"", ""r2_home_repair"", ""r2_laptop"", ""r2_pet_health"", ""r2_phishing"", ""r2_tenant"", ""r2_travel""]",0.9245283243983873,0.8146585214362566,0.10986980296213067,0.9509215881904711,0.8358889041623471,0.11503268402812405,0.2666465233469396,0.5568283643432711,0.2901818409963315,repeat_133
19,0.9221734133559298,"[""r2_allergy"", ""r2_appliance"", ""r2_copyright"", ""r2_emotional_support"", ""r2_home_repair"", ""r2_laptop"", ""r2_malware"", ""r2_skin"", ""r2_sleep"", ""r2_travel""]",0.9365854367071935,0.8011754940507319,0.13540994265646167,0.9647434097796017,0.7907127478900086,0.17403066188959315,0.2533416016348287,0.6079982719423971,0.35465667030756837,repeat_134
19,0.9448588669403868,"[""r2_account_access"", ""r2_appliance"", ""r2_data_privacy"", ""r2_exercise_injury"", ""r2_fire"", ""r2_food_safety"", ""r2_laptop"", ""r2_medication"", ""r2_phishing"", ""r2_taxes""]",0.8710542420225895,0.7859940845286127,0.08506015749397677,0.9011726319639846,0.8005902439758759,0.1005823879881087,0.3424096507940559,0.5714000846983118,0.22899043390425594,repeat_135
23,0.9162821856481581,"[""r2_childcare"", ""r2_data_privacy"", ""r2_education"", ""r2_employment"", ""r2_laptop"", ""r2_medication"", ""r2_restaurant"", ""r2_skin"", ""r2_sleep"", ""r2_wifi""]",0.9450423400492606,0.8785574300042929,0.0664849100449677,0.9715055472913662,0.8807024823794714,0.09080306491189483,0.23282344722373213,0.5618296339185267,0.32900618669479453,repeat_136
25,0.9299922759695751,"[""r2_debt"", ""r2_drone"", ""r2_education"", ""r2_employment"", ""r2_fire"", ""r2_passwords"", ""r2_restaurant"", ""r2_taxes"", ""r2_tenant"", ""r2_travel""]",0.9262060239878159,0.8113486140582552,0.11485740992956073,0.930541964386938,0.8041920331785053,0.12634993120843274,0.30228088999192376,0.6188944744641878,0.316613584472264,repeat_137
18,0.9342372764740713,"[""r2_camping"", ""r2_debt"", ""r2_drone"", ""r2_exercise_injury"", ""r2_food_safety"", ""r2_investing"", ""r2_medication"", ""r2_vehicle"", ""r2_web_scraping"", ""r2_workplace_conflict""]",0.9011394684008602,0.8086561132893216,0.0924833551115386,0.9519947489366152,0.836515058934631,0.11547969000198421,0.2676708502417561,0.5631153660250046,0.2954445157832485,repeat_138
19,0.9227905682201771,"[""r2_allergy"", ""r2_cryptocurrency"", ""r2_education"", ""r2_electrical"", ""r2_employment"", ""r2_food_safety"", ""r2_insurance"", ""r2_malware"", ""r2_pet_health"", ""r2_skin""]",0.920291288635345,0.8567397891896056,0.06355149944573946,0.9618473280320486,0.8389211291670087,0.12292619886503997,0.23145998632859,0.5632732599797056,0.33181327365111557,repeat_139
18,0.937592599435773,"[""r2_account_access"", ""r2_batteries"", ""r2_copyright"", ""r2_drone"", ""r2_electrical"", ""r2_employment"", ""r2_laptop"", ""r2_pet_health"", ""r2_sleep"", ""r2_wifi""]",0.8836452706888752,0.7803056676196697,0.10333960306920553,0.9203814382177863,0.801666721312935,0.11871471690485125,0.26615965014965226,0.5499214888671333,0.28376183871748106,repeat_140
18,0.940048717674305,"[""r2_account_access"", ""r2_appliance"", ""r2_cleaners"", ""r2_data_privacy"", ""r2_education"", ""r2_home_repair"", ""r2_investing"", ""r2_passwords"", ""r2_pet_health"", ""r2_wifi""]",0.9179992877669112,0.8297154262039819,0.08828386156292933,0.924979313242862,0.8520677137604399,0.0729115994824221,0.2853442296084556,0.4857822211004594,0.20043799149200375,repeat_141
25,0.9371593578706761,"[""r2_allergy"", ""r2_appliance"", ""r2_batteries"", ""r2_camping"", ""r2_childcare"", ""r2_copyright"", ""r2_cryptocurrency"", ""r2_food_safety"", ""r2_passwords"", ""r2_vehicle""]",0.883672134858975,0.8616897675154016,0.021982367343573395,0.9402945822049931,0.8386279096995446,0.10166667250544847,0.2997841205416979,0.5740428339060784,0.27425871336438046,repeat_142
18,0.9335384941060091,"[""r2_cryptocurrency"", ""r2_debt"", ""r2_drone"", ""r2_emotional_support"", ""r2_passwords"", ""r2_phishing"", ""r2_restaurant"", ""r2_sleep"", ""r2_tenant"", ""r2_workplace_conflict""]",0.9083862745945033,0.85343970317731,0.05494657141719328,0.9360788742951509,0.8516077541350011,0.08447112016014979,0.328386348584197,0.5344576550253016,0.2060713064411046,repeat_143
22,0.9235510232196379,"[""r2_batteries"", ""r2_childcare"", ""r2_cryptocurrency"", ""r2_drone"", ""r2_exercise_injury"", ""r2_headache"", ""r2_home_repair"", ""r2_immigration"", ""r2_medication"", ""r2_phishing""]",0.9243848950221027,0.8404977310181307,0.083887164003972,0.9677261191909066,0.8541238717307591,0.11360224746014747,0.21869811059370728,0.5274844239708615,0.30878631337715423,repeat_144
18,0.9301988474864937,"[""r2_appliance"", ""r2_drone"", ""r2_education"", ""r2_exercise_injury"", ""r2_food_safety"", ""r2_immigration"", ""r2_insurance"", ""r2_laptop"", ""r2_pet_health"", ""r2_restaurant""]",0.9199340945263913,0.8186332516332387,0.10130084289315255,0.9684798982974793,0.858198645753373,0.11028125254410626,0.21602109368375388,0.512725462812513,0.2967043691287591,repeat_145
19,0.9256223991177644,"[""r2_debt"", ""r2_electrical"", ""r2_employment"", ""r2_food_safety"", ""r2_laptop"", ""r2_medication"", ""r2_skin"", ""r2_travel"", ""r2_vehicle"", ""r2_wifi""]",0.9098962247624959,0.8733276106660285,0.03656861409646739,0.9423304502405896,0.8618525027154759,0.08047794752511372,0.2833608463335562,0.5483099091339872,0.26494906280043107,repeat_146
18,0.9358630362163096,"[""r2_account_access"", ""r2_appliance"", ""r2_cryptocurrency"", ""r2_data_privacy"", ""r2_emotional_support"", ""r2_food_safety"", ""r2_insurance"", ""r2_phishing"", ""r2_sleep"", ""r2_taxes""]",0.895843131938909,0.7730236051139691,0.1228195268249399,0.9266049993128287,0.761918793870659,0.16468620544216972,0.29313240071538627,0.6276954524758632,0.33456305176047696,repeat_147
23,0.910003121929263,"[""r2_batteries"", ""r2_cleaners"", ""r2_cryptocurrency"", ""r2_debt"", ""r2_home_repair"", ""r2_immigration"", ""r2_insurance"", ""r2_investing"", ""r2_phishing"", ""r2_web_scraping""]",0.9586622267449604,0.8503785925974899,0.10828363414747044,0.9649837965364159,0.8710081817016654,0.09397561483475048,0.2535073483040281,0.5101036313785416,0.25659628307451354,repeat_148
18,0.9359258771353481,"[""r2_account_access"", ""r2_cleaners"", ""r2_debt"", ""r2_electrical"", ""r2_employment"", ""r2_exercise_injury"", ""r2_laptop"", ""r2_medication"", ""r2_sleep"", ""r2_vehicle""]",0.8903611998406917,0.8542538579739626,0.03610734186672915,0.9212118085580966,0.8793990981665657,0.041812710391530894,0.3092201829933119,0.49707706991509576,0.18785688692178387,repeat_149
23,0.9393732586983622,"[""r2_childcare"", ""r2_copyright"", ""r2_education"", ""r2_electrical"", ""r2_exercise_injury"", ""r2_food_safety"", ""r2_insurance"", ""r2_passwords"", ""r2_tenant"", ""r2_web_scraping""]",0.8971244733705985,0.8230245700884714,0.07409990328212712,0.9491636870280452,0.8348835912454337,0.11428009578261156,0.28711230667461046,0.5587988840159053,0.2716865773412948,repeat_150
20,0.9338196809571466,"[""r2_account_access"", ""r2_copyright"", ""r2_emotional_support"", ""r2_malware"", ""r2_passwords"", ""r2_phishing"", ""r2_restaurant"", ""r2_taxes"", ""r2_tenant"", ""r2_web_scraping""]",0.9185554358432005,0.7976243579904578,0.12093107785274271,0.9372216762360045,0.7726592800639431,0.16456239617206136,0.2928157164154489,0.645937978995544,0.35312226258009505,repeat_151
19,0.9338601301589299,"[""r2_account_access"", ""r2_debt"", ""r2_education"", ""r2_exercise_injury"", ""r2_immigration"", ""r2_laptop"", ""r2_phishing"", ""r2_restaurant"", ""r2_skin"", ""r2_travel""]",0.9002996444868108,0.7846928659239938,0.11560677856281698,0.9153400853292929,0.7962689171324141,0.1190711681968788,0.3018856016132968,0.5665558646933304,0.2646702630800336,repeat_152
23,0.9290643304301592,"[""r2_batteries"", ""r2_camping"", ""r2_childcare"", ""r2_debt"", ""r2_drone"", ""r2_fire"", ""r2_home_repair"", ""r2_medication"", ""r2_taxes"", ""r2_wifi""]",0.9202923750802341,0.8018161972252207,0.11847617785501341,0.9463102150391762,0.7451540890283491,0.2011561260108271,0.26715416694221233,0.6705124525598547,0.40335828561764236,repeat_153
18,0.9274648625090013,"[""r2_debt"", ""r2_education"", ""r2_electrical"", ""r2_investing"", ""r2_medication"", ""r2_passwords"", ""r2_sleep"", ""r2_travel"", ""r2_vehicle"", ""r2_workplace_conflict""]",0.9210626547726204,0.8918704698271629,0.0291921849454575,0.9401168551135692,0.8839885169526664,0.05612833816090279,0.30274444776443876,0.520438056319614,0.21769360855517528,repeat_154
20,0.9320468011098605,"[""r2_cryptocurrency"", ""r2_fire"", ""r2_food_safety"", ""r2_immigration"", ""r2_investing"", ""r2_passwords"", ""r2_phishing"", ""r2_restaurant"", ""r2_taxes"", ""r2_workplace_conflict""]",0.9085747725104361,0.8581195514887962,0.05045522102163991,0.9420316124544162,0.8500462731496291,0.09198533930478714,0.3123576040005827,0.6218141140585459,0.3094565100579632,repeat_155
19,0.9389661702291605,"[""r2_copyright"", ""r2_data_privacy"", ""r2_debt"", ""r2_drone"", ""r2_employment"", ""r2_fire"", ""r2_food_safety"", ""r2_immigration"", ""r2_pet_health"", ""r2_web_scraping""]",0.9206572101686469,0.7599212473760177,0.16073596279262914,0.9350177453523558,0.7999672216566388,0.13505052369571702,0.2981108774653306,0.5514582616844665,0.25334738421913594,repeat_156
22,0.9362761181312419,"[""r2_batteries"", ""r2_childcare"", ""r2_data_privacy"", ""r2_electrical"", ""r2_employment"", ""r2_exercise_injury"", ""r2_food_safety"", ""r2_immigration"", ""r2_tenant"", ""r2_wifi""]",0.9000916760627578,0.8738282969959091,0.026263379066848613,0.9488987146773702,0.8652781258357867,0.08362058884158352,0.263338317996402,0.5040264142781352,0.2406880962817332,repeat_157
25,0.9235459598212036,"[""r2_cleaners"", ""r2_electrical"", ""r2_employment"", ""r2_fire"", ""r2_laptop"", ""r2_passwords"", ""r2_pet_health"", ""r2_tenant"", ""r2_travel"", ""r2_wifi""]",0.9249352680881399,0.8955752896612756,0.02935997842686422,0.9354470904610525,0.9135177067686637,0.021929383692388726,0.2922417806354255,0.4527704123350973,0.1605286316996718,repeat_158
18,0.9198593094933838,"[""r2_appliance"", ""r2_batteries"", ""r2_camping"", ""r2_cryptocurrency"", ""r2_emotional_support"", ""r2_employment"", ""r2_exercise_injury"", ""r2_fire"", ""r2_home_repair"", ""r2_medication""]",0.9344515907903694,0.8841188037557696,0.05033278703459987,0.9541264645483802,0.8692127485050779,0.08491371604330233,0.2692095571489096,0.5448387595287694,0.2756292023798598,repeat_159
20,0.9333903104731706,"[""r2_appliance"", ""r2_copyright"", ""r2_cryptocurrency"", ""r2_drone"", ""r2_laptop"", ""r2_passwords"", ""r2_skin"", ""r2_sleep"", ""r2_vehicle"", ""r2_web_scraping""]",0.9158463092359047,0.805103912532262,0.11074239670364272,0.9541307210031518,0.8041843795760284,0.14994634142712338,0.27039416648906445,0.5500969069382489,0.2797027404491844,repeat_160
20,0.9164703993325215,"[""r2_appliance"", ""r2_cryptocurrency"", ""r2_education"", ""r2_headache"", ""r2_laptop"", ""r2_malware"", ""r2_passwords"", ""r2_phishing"", ""r2_web_scraping"", ""r2_wifi""]",0.9222924537712186,0.8094497158072365,0.11284273796398214,0.9381909442406348,0.825962194056285,0.11222875018434975,0.2646598167222402,0.5200224277568861,0.2553626110346459,repeat_161
20,0.9209858294296562,"[""r2_cleaners"", ""r2_education"", ""r2_exercise_injury"", ""r2_food_safety"", ""r2_immigration"", ""r2_investing"", ""r2_phishing"", ""r2_restaurant"", ""r2_skin"", ""r2_web_scraping""]",0.9395231765969223,0.8197865586089852,0.11973661798793711,0.9740095430305323,0.8448931939888481,0.12911634904168423,0.19209786741330823,0.5328896509264875,0.3407917835131793,repeat_162
20,0.9241206877952048,"[""r2_batteries"", ""r2_cryptocurrency"", ""r2_education"", ""r2_home_repair"", ""r2_insurance"", ""r2_passwords"", ""r2_skin"", ""r2_sleep"", ""r2_tenant"", ""r2_workplace_conflict""]",0.9356931965426462,0.8981584995699748,0.03753469697267131,0.9463750214709871,0.8815100857932754,0.06486493567771168,0.25603731861391477,0.4703411422588166,0.21430382364490186,repeat_163
20,0.9426899160060607,"[""r2_account_access"", ""r2_camping"", ""r2_fire"", ""r2_food_safety"", ""r2_investing"", ""r2_laptop"", ""r2_medication"", ""r2_passwords"", ""r2_tenant"", ""r2_vehicle""]",0.9047562141983664,0.8310864970117309,0.07366971718663551,0.9217996898713438,0.8472520625161425,0.07454762735520126,0.28864189158009396,0.5358506817796845,0.24720879019959058,repeat_164
19,0.9350995255566682,"[""r2_account_access"", ""r2_appliance"", ""r2_cleaners"", ""r2_exercise_injury"", ""r2_food_safety"", ""r2_headache"", ""r2_malware"", ""r2_skin"", ""r2_sleep"", ""r2_vehicle""]",0.9000288149576763,0.7865099454206002,0.11351886953707613,0.9341048902447432,0.8048771839257458,0.12922770631899738,0.255619627090351,0.5139098603675786,0.25829023327722755,repeat_165
18,0.941058985776271,"[""r2_account_access"", ""r2_allergy"", ""r2_cryptocurrency"", ""r2_debt"", ""r2_education"", ""r2_food_safety"", ""r2_pet_health"", ""r2_skin"", ""r2_sleep"", ""r2_travel""]",0.8927264012364977,0.7703127512884858,0.12241364994801196,0.9007571948489034,0.7857567866897917,0.11500040815911172,0.32821404362798867,0.5513329718919381,0.2231189282639494,repeat_166
25,0.9217492615590537,"[""r2_cleaners"", ""r2_copyright"", ""r2_education"", ""r2_electrical"", ""r2_emotional_support"", ""r2_fire"", ""r2_investing"", ""r2_medication"", ""r2_pet_health"", ""r2_tenant""]",0.9286397527165398,0.865598933994268,0.06304081872227174,0.9545786280671195,0.8687151988334626,0.08586342923365686,0.23724078589755676,0.5321747970678222,0.29493401117026546,repeat_167
25,0.9259492575224437,"[""r2_allergy"", ""r2_childcare"", ""r2_cleaners"", ""r2_cryptocurrency"", ""r2_employment"", ""r2_food_safety"", ""r2_phishing"", ""r2_taxes"", ""r2_wifi"", ""r2_workplace_conflict""]",0.8956500765992444,0.8752053708507391,0.02044470574850532,0.9399798917487253,0.8527787178823703,0.08720117386635506,0.2945749049771348,0.5409081578263099,0.24633325284917507,repeat_168
20,0.9336448005143426,"[""r2_account_access"", ""r2_allergy"", ""r2_cleaners"", ""r2_debt"", ""r2_fire"", ""r2_insurance"", ""r2_laptop"", ""r2_medication"", ""r2_passwords"", ""r2_workplace_conflict""]",0.9076408379656473,0.8900884472494143,0.017552390716233046,0.9150202628455161,0.8918125237549702,0.023207739090545854,0.306100761042703,0.4536051929697013,0.1475044319269983,repeat_169
18,0.9348661730544859,"[""r2_allergy"", ""r2_debt"", ""r2_drone"", ""r2_employment"", ""r2_home_repair"", ""r2_malware"", ""r2_pet_health"", ""r2_restaurant"", ""r2_skin"", ""r2_vehicle""]",0.9443367836025356,0.8655053590390054,0.0788314245635302,0.9610660591190232,0.8520549587441938,0.10901110037482942,0.2480725992967754,0.5260942577382346,0.2780216584414592,repeat_170
18,0.9280190984204102,"[""r2_copyright"", ""r2_debt"", ""r2_drone"", ""r2_education"", ""r2_investing"", ""r2_laptop"", ""r2_skin"", ""r2_tenant"", ""r2_vehicle"", ""r2_workplace_conflict""]",0.9047202050323502,0.8652797271109868,0.039440477921363404,0.9577469939074711,0.8693686160802603,0.08837837782721081,0.25095059958590654,0.47679020405126005,0.2258396044653535,repeat_171
20,0.9402466767589723,"[""r2_account_access"", ""r2_allergy"", ""r2_appliance"", ""r2_camping"", ""r2_childcare"", ""r2_copyright"", ""r2_education"", ""r2_food_safety"", ""r2_phishing"", ""r2_travel""]",0.8820993382570533,0.7177827596431313,0.16431657861392202,0.923788735337422,0.7293545177660646,0.19443421757135737,0.29599394150352926,0.6549452367441303,0.35895129524060104,repeat_172
23,0.9281734933261959,"[""r2_allergy"", ""r2_appliance"", ""r2_batteries"", ""r2_camping"", ""r2_childcare"", ""r2_education"", ""r2_fire"", ""r2_pet_health"", ""r2_phishing"", ""r2_travel""]",0.920104256170884,0.8338985363737859,0.08620571979709812,0.936327156374356,0.8189587012316035,0.11736845514275251,0.24318736669399194,0.5689376149927726,0.3257502482987807,repeat_173
23,0.9255701551337875,"[""r2_camping"", ""r2_childcare"", ""r2_cleaners"", ""r2_copyright"", ""r2_electrical"", ""r2_fire"", ""r2_phishing"", ""r2_sleep"", ""r2_vehicle"", ""r2_wifi""]",0.9401705963178588,0.8569184140712149,0.08325218224664388,0.9566019031713073,0.843807997031101,0.11279390614020635,0.24084797404534503,0.5249275246578448,0.28407955061249973,repeat_174
23,0.9223256506288039,"[""r2_batteries"", ""r2_camping"", ""r2_drone"", ""r2_electrical"", ""r2_employment"", ""r2_exercise_injury"", ""r2_malware"", ""r2_medication"", ""r2_travel"", ""r2_wifi""]",0.9202113353204352,0.8248019197255136,0.09540941559492155,0.9602697685287115,0.8240622302634725,0.13620753826523901,0.2396772046969898,0.5649379000712542,0.3252606953742644,repeat_175
20,0.923190716902222,"[""r2_appliance"", ""r2_cryptocurrency"", ""r2_drone"", ""r2_employment"", ""r2_food_safety"", ""r2_insurance"", ""r2_malware"", ""r2_taxes"", ""r2_web_scraping"", ""r2_wifi""]",0.9287445054372544,0.8035550455354372,0.12518945990181718,0.9498354265701057,0.7856367645711857,0.16419866199891997,0.25701507734186035,0.6161652643051818,0.35915018696332146,repeat_176
18,0.931165368408855,"[""r2_allergy"", ""r2_appliance"", ""r2_copyright"", ""r2_debt"", ""r2_drone"", ""r2_education"", ""r2_fire"", ""r2_home_repair"", ""r2_taxes"", ""r2_vehicle""]",0.9230031416749541,0.8548993611101146,0.06810378056483957,0.9542329178797542,0.824004055564285,0.13022886231546915,0.24935775478325226,0.5500905382656619,0.3007327834824096,repeat_177
23,0.9224239911541482,"[""r2_appliance"", ""r2_childcare"", ""r2_cleaners"", ""r2_cryptocurrency"", ""r2_employment"", ""r2_food_safety"", ""r2_headache"", ""r2_pet_health"", ""r2_phishing"", ""r2_vehicle""]",0.922669512129394,0.8917068065954816,0.030962705533912338,0.968063346567362,0.8856017495077283,0.08246159705963374,0.20869085283433914,0.4908717186553644,0.28218086582102525,repeat_178
23,0.9328161550494787,"[""r2_batteries"", ""r2_childcare"", ""r2_drone"", ""r2_emotional_support"", ""r2_exercise_injury"", ""r2_headache"", ""r2_medication"", ""r2_phishing"", ""r2_restaurant"", ""r2_skin""]",0.9072669510001059,0.8002624214074022,0.10700452959270368,0.9665244056576251,0.8079849306022188,0.15853947505540633,0.23688053754807648,0.6125607173470643,0.3756801797989878,repeat_179
19,0.908937677426778,"[""r2_batteries"", ""r2_cryptocurrency"", ""r2_electrical"", ""r2_immigration"", ""r2_insurance"", ""r2_investing"", ""r2_malware"", ""r2_phishing"", ""r2_taxes"", ""r2_vehicle""]",0.9649103910651465,0.7980720525030801,0.16683833856206642,0.9803898178820931,0.8167287176609478,0.16366110022114533,0.20037094780182207,0.628733111765958,0.42836216396413596,repeat_180
19,0.9286117242280362,"[""r2_allergy"", ""r2_appliance"", ""r2_cleaners"", ""r2_electrical"", ""r2_fire"", ""r2_food_safety"", ""r2_medication"", ""r2_pet_health"", ""r2_skin"", ""r2_workplace_conflict""]",0.9049123527840452,0.8576945271853867,0.0472178255986585,0.9512012636235996,0.8700993439924198,0.08110191963117974,0.2712362688545568,0.5166917267935072,0.24545545793895035,repeat_181
19,0.9239137871513,"[""r2_camping"", ""r2_copyright"", ""r2_data_privacy"", ""r2_electrical"", ""r2_employment"", ""r2_fire"", ""r2_headache"", ""r2_malware"", ""r2_restaurant"", ""r2_skin""]",0.9345674505685686,0.8303427379666518,0.10422471260191679,0.9573210138478473,0.8201041389183692,0.1372168749294781,0.24800753266533934,0.5653029679072841,0.3172954352419447,repeat_182
25,0.9210539883332038,"[""r2_cryptocurrency"", ""r2_drone"", ""r2_insurance"", ""r2_investing"", ""r2_laptop"", ""r2_phishing"", ""r2_restaurant"", ""r2_skin"", ""r2_taxes"", ""r2_web_scraping""]",0.931306727129169,0.766390843110544,0.164915884018625,0.9717334839385576,0.7991824707234945,0.17255101321506316,0.2174510942968566,0.6528144853639173,0.4353633910670607,repeat_183
18,0.9419980564214104,"[""r2_data_privacy"", ""r2_debt"", ""r2_drone"", ""r2_fire"", ""r2_home_repair"", ""r2_investing"", ""r2_laptop"", ""r2_pet_health"", ""r2_skin"", ""r2_sleep""]",0.9036502496315951,0.8383770214873966,0.06527322814419856,0.9414085029055976,0.837110973501655,0.10429752940394266,0.28066542972084474,0.5189210651217675,0.23825563540092276,repeat_184
18,0.9191792776613638,"[""r2_cryptocurrency"", ""r2_data_privacy"", ""r2_education"", ""r2_electrical"", ""r2_employment"", ""r2_investing"", ""r2_pet_health"", ""r2_sleep"", ""r2_vehicle"", ""r2_wifi""]",0.9483332936010801,0.9110688115351434,0.03726448206593669,0.9632728879129694,0.8930426777709111,0.07023021014205832,0.23301686225728685,0.4762979582492345,0.24328109599194764,repeat_185
20,0.9382045711805269,"[""r2_batteries"", ""r2_data_privacy"", ""r2_debt"", ""r2_education"", ""r2_emotional_support"", ""r2_insurance"", ""r2_passwords"", ""r2_pet_health"", ""r2_skin"", ""r2_travel""]",0.9279973343244556,0.8517410698721425,0.07625626445231315,0.951401668940504,0.8545597032863241,0.0968419656541799,0.2719267914408226,0.5323169782069828,0.26039018676616016,repeat_186
23,0.9335731927717181,"[""r2_account_access"", ""r2_allergy"", ""r2_batteries"", ""r2_childcare"", ""r2_cleaners"", ""r2_cryptocurrency"", ""r2_debt"", ""r2_passwords"", ""r2_sleep"", ""r2_tenant""]",0.9203671485362641,0.8735704376529219,0.04679671088334225,0.9297644637224178,0.8700812847089315,0.0596831790134863,0.2842094520394597,0.49421931308481887,0.21000986104535918,repeat_187
23,0.9269146951055596,"[""r2_account_access"", ""r2_childcare"", ""r2_cryptocurrency"", ""r2_home_repair"", ""r2_immigration"", ""r2_investing"", ""r2_passwords"", ""r2_phishing"", ""r2_web_scraping"", ""r2_wifi""]",0.9233931469373304,0.7788214926188596,0.14457165431847085,0.9376214312382032,0.80220719548078,0.13541423575742317,0.2788027238391114,0.6026818194965842,0.32387909565747275,repeat_188
20,0.9242003941723407,"[""r2_drone"", ""r2_electrical"", ""r2_food_safety"", ""r2_headache"", ""r2_home_repair"", ""r2_immigration"", ""r2_medication"", ""r2_phishing"", ""r2_skin"", ""r2_web_scraping""]",0.9359448194653497,0.8249639792456406,0.11098084021970911,0.9626498111874292,0.8555427732997197,0.10710703788770948,0.22557064525788034,0.5039776670933096,0.27840702183542926,repeat_189
20,0.937698701663598,"[""r2_account_access"", ""r2_allergy"", ""r2_childcare"", ""r2_fire"", ""r2_immigration"", ""r2_insurance"", ""r2_pet_health"", ""r2_skin"", ""r2_travel"", ""r2_vehicle""]",0.8964712232165927,0.8051846285789114,0.0912865946376813,0.9356133072895788,0.8377896786939576,0.09782362859562121,0.28524292991489614,0.5358401421600736,0.25059721224517745,repeat_190
23,0.9343701589815679,"[""r2_allergy"", ""r2_childcare"", ""r2_data_privacy"", ""r2_exercise_injury"", ""r2_investing"", ""r2_restaurant"", ""r2_skin"", ""r2_taxes"", ""r2_travel"", ""r2_web_scraping""]",0.8899972341518256,0.818002229090314,0.07199500506151169,0.9657161004567386,0.8645584644418051,0.10115763601493355,0.23512829328298945,0.6078408433210036,0.3727125500380142,repeat_191
23,0.9379442993327347,"[""r2_allergy"", ""r2_batteries"", ""r2_childcare"", ""r2_exercise_injury"", ""r2_headache"", ""r2_malware"", ""r2_passwords"", ""r2_restaurant"", ""r2_skin"", ""r2_vehicle""]",0.9104983787630017,0.8543750407042089,0.05612333805879277,0.9529198584886018,0.857781624630772,0.09513823385782982,0.268713089297686,0.5336784845281828,0.2649653952304968,repeat_192
22,0.9263643588180812,"[""r2_allergy"", ""r2_batteries"", ""r2_debt"", ""r2_exercise_injury"", ""r2_fire"", ""r2_malware"", ""r2_medication"", ""r2_passwords"", ""r2_restaurant"", ""r2_workplace_conflict""]",0.9160887645846049,0.8674376152702489,0.04865114931435599,0.9356915227474881,0.8626395683600568,0.07305195438743128,0.3076887672246045,0.5278020562230481,0.22011328899844362,repeat_193
18,0.9318550327456651,"[""r2_account_access"", ""r2_batteries"", ""r2_copyright"", ""r2_exercise_injury"", ""r2_headache"", ""r2_home_repair"", ""r2_pet_health"", ""r2_phishing"", ""r2_restaurant"", ""r2_workplace_conflict""]",0.8947347756500363,0.8289525151240864,0.06578226052594993,0.9300677126176875,0.8350485299665084,0.09501918265117915,0.27438175389176367,0.49562522536149417,0.2212434714697305,repeat_194
25,0.9275364423681478,"[""r2_drone"", ""r2_electrical"", ""r2_fire"", ""r2_home_repair"", ""r2_medication"", ""r2_passwords"", ""r2_phishing"", ""r2_restaurant"", ""r2_tenant"", ""r2_wifi""]",0.910276646694652,0.8695565110764726,0.04072013561817944,0.9346109629409274,0.8687557082822417,0.06585525465868569,0.282072906001951,0.5029943248851915,0.22092141888324046,repeat_195
19,0.9260676764620001,"[""r2_camping"", ""r2_debt"", ""r2_education"", ""r2_electrical"", ""r2_fire"", ""r2_food_safety"", ""r2_laptop"", ""r2_phishing"", ""r2_skin"", ""r2_tenant""]",0.9279727270286514,0.8347186999072324,0.09325402712141906,0.952303048781719,0.8574487517445119,0.09485429703720716,0.2293838730954214,0.4648915247404166,0.2355076516449952,repeat_196
20,0.9317384647145235,"[""r2_allergy"", ""r2_camping"", ""r2_debt"", ""r2_emotional_support"", ""r2_exercise_injury"", ""r2_food_safety"", ""r2_insurance"", ""r2_vehicle"", ""r2_web_scraping"", ""r2_workplace_conflict""]",0.9068204871144623,0.852264118118323,0.05455636899613925,0.948212206609698,0.8709221963686283,0.07729001024106963,0.2715290282879027,0.5040792620682756,0.23255023378037287,repeat_197
18,0.9336896008833321,"[""r2_camping"", ""r2_childcare"", ""r2_debt"", ""r2_emotional_support"", ""r2_exercise_injury"", ""r2_food_safety"", ""r2_medication"", ""r2_restaurant"", ""r2_tenant"", ""r2_workplace_conflict""]",0.885516128437693,0.8634236534761304,0.022092474961562636,0.9318357402960586,0.8724160411108481,0.059419699185210506,0.33296497622830035,0.5708020213146732,0.23783704508637282,repeat_198
23,0.9161449444667081,"[""r2_camping"", ""r2_cleaners"", ""r2_cryptocurrency"", ""r2_debt"", ""r2_education"", ""r2_laptop"", ""r2_medication"", ""r2_sleep"", ""r2_tenant"", ""r2_travel""]",0.9315814285307368,0.8474703296337428,0.08411109889699397,0.9467555402245373,0.8423354179522823,0.10442012227225506,0.2432406642916775,0.5503170726290605,0.307076408337383,repeat_199
22,0.9232519124803938,"[""r2_appliance"", ""r2_childcare"", ""r2_debt"", ""r2_education"", ""r2_food_safety"", ""r2_immigration"", ""r2_malware"", ""r2_medication"", ""r2_skin"", ""r2_travel""]",0.8896119553074431,0.8445256312274306,0.04508632408001245,0.9493115414986258,0.8503391067970879,0.09897243470153794,0.27687323041140965,0.5928912190285336,0.31601798861712393,repeat_200
